Text,Bounding_Boxes
static,"[[ 659.6797   771.24316]
 [1042.876    771.24316]
 [1042.876    902.209  ]
 [ 659.6797   902.209  ]]"
information,"[[1076.8301   771.24316]
 [1828.6709   771.24316]
 [1828.6709   902.209  ]
 [1076.8301   902.209  ]]"
dink,"[[194.02344 776.09375]
 [538.41504 776.09375]
 [538.41504 902.209  ]
 [194.02344 902.209  ]]"
elue,"[[ 189.17285  945.86426]
 [ 567.51855  945.86426]
 [ 567.51855 1071.9795 ]
 [ 189.17285 1071.9795 ]]"
dynamic,"[[ 708.24585  956.7752 ]
 [1292.7355   927.5507 ]
 [1300.3683  1080.2051 ]
 [ 715.87854 1109.4294 ]]"
information,"[[1324.21    941.0137]
 [2076.0508  941.0137]
 [2076.0508 1076.8301]
 [1324.21   1076.8301]]"
codee,"[[2284.626  1062.2783]
 [2347.6836 1062.2783]
 [2347.6836 1081.6807]
 [2284.626  1081.6807]]"
tro,"[[2362.2354 1062.2783]
 [2396.1895 1062.2783]
 [2396.1895 1076.8301]
 [2362.2354 1076.8301]]"
eoud,"[[2434.9941 1062.2783]
 [2502.9023 1062.2783]
 [2502.9023 1076.8301]
 [2434.9941 1076.8301]]"
ealo,"[[2318.58   1091.3818]
 [2376.787  1091.3818]
 [2376.787  1110.7842]
 [2318.58   1110.7842]]"
doile,"[[2197.3154 1096.2324]
 [2260.373  1096.2324]
 [2260.373  1110.7842]
 [2197.3154 1110.7842]]"
ibale,"[[3075.2715 1110.7842]
 [3133.4785 1110.7842]
 [3133.4785 1130.1865]
 [3075.2715 1130.1865]]"
opgtr,"[[1852.9238 1115.6348]
 [1915.9814 1115.6348]
 [1915.9814 1135.0371]
 [1852.9238 1135.0371]]"
gra,"[[1925.6826 1115.6348]
 [1964.4873 1115.6348]
 [1964.4873 1135.0371]
 [1925.6826 1135.0371]]"
balc,"[[1974.1885 1115.6348]
 [2032.3955 1115.6348]
 [2032.3955 1139.8877]
 [1974.1885 1139.8877]]"
refer,"[[2197.3154 1115.6348]
 [2250.6719 1115.6348]
 [2250.6719 1135.0371]
 [2197.3154 1135.0371]]"
cril,"[[2294.3271 1115.6348]
 [2337.9824 1115.6348]
 [2337.9824 1135.0371]
 [2294.3271 1135.0371]]"
ngeof,"[[2949.1562 1115.6348]
 [3017.0645 1115.6348]
 [3017.0645 1130.1865]
 [2949.1562 1130.1865]]"
lnotes,"[[1295.1064 1120.4854]
 [1358.1641 1120.4854]
 [1358.1641 1139.8877]
 [1295.1064 1139.8877]]"
tte,"[[1372.7158 1120.4854]
 [1406.6699 1120.4854]
 [1406.6699 1135.0371]
 [1372.7158 1135.0371]]"
ldeomond,"[[1440.624  1120.4854]
 [1518.2334 1120.4854]
 [1518.2334 1135.0371]
 [1440.624  1135.0371]]"
awings,"[[2221.5684 1135.0371]
 [2289.4766 1135.0371]
 [2289.4766 1154.4395]
 [2221.5684 1154.4395]]"
fcr,"[[2299.1777 1135.0371]
 [2337.9824 1135.0371]
 [2337.9824 1159.29  ]
 [2299.1777 1159.29  ]]"
fer,"[[2973.4092 1135.0371]
 [3007.3633 1135.0371]
 [3007.3633 1149.5889]
 [2973.4092 1149.5889]]"
froide,"[[1295.1064 1139.8877]
 [1367.8652 1139.8877]
 [1367.8652 1159.29  ]
 [1295.1064 1159.29  ]]"
vehille,"[[1377.5664 1139.8877]
 [1450.3252 1139.8877]
 [1450.3252 1159.29  ]
 [1377.5664 1159.29  ]]"
stelle,"[[1460.0264 1139.8877]
 [1523.084  1139.8877]
 [1523.084  1159.29  ]
 [1460.0264 1159.29  ]]"
refer,"[[1852.9238 1139.8877]
 [1906.2803 1139.8877]
 [1906.2803 1154.4395]
 [1852.9238 1154.4395]]"
cifil,"[[1949.9355 1139.8877]
 [1993.5908 1139.8877]
 [1993.5908 1154.4395]
 [1949.9355 1154.4395]]"
drawings,"[[2949.1562 1154.4395]
 [3041.3174 1154.4395]
 [3041.3174 1173.8418]
 [2949.1562 1173.8418]]"
for,"[[3051.0186 1154.4395]
 [3089.8232 1154.4395]
 [3089.8232 1173.8418]
 [3051.0186 1173.8418]]"
fnotecton,"[[1295.1064 1159.29  ]
 [1406.6699 1159.29  ]
 [1406.6699 1178.6924]
 [1295.1064 1178.6924]]"
orawinge,"[[1852.9238 1159.29  ]
 [1945.085  1159.29  ]
 [1945.085  1178.6924]
 [1852.9238 1178.6924]]"
fuge,"[[1954.7861 1159.29  ]
 [1993.5908 1159.29  ]
 [1993.5908 1178.6924]
 [1954.7861 1178.6924]]"
turua,"[[2231.2695 1159.29  ]
 [2284.626  1159.29  ]
 [2284.626  1173.8418]
 [2231.2695 1173.8418]]"
ton,"[[2284.626  1159.29  ]
 [2328.2812 1159.29  ]
 [2328.2812 1173.8418]
 [2284.626  1173.8418]]"
eueny,"[[2648.42   1168.9912]
 [2716.3281 1168.9912]
 [2716.3281 1188.3936]
 [2648.42   1188.3936]]"
continlltion,"[[1852.9238 1178.6924]
 [1979.0391 1178.6924]
 [1979.0391 1198.0947]
 [1852.9238 1198.0947]]"
ootas,"[[2202.166  1178.6924]
 [2265.2236 1178.6924]
 [2265.2236 1193.2441]
 [2202.166  1193.2441]]"
fia,"[[2274.9248 1178.6924]
 [2313.7295 1178.6924]
 [2313.7295 1193.2441]
 [2274.9248 1193.2441]]"
colc,"[[2949.1562 1178.6924]
 [3036.4668 1178.6924]
 [3036.4668 1193.2441]
 [2949.1562 1193.2441]]"
jor,"[[3036.4668 1178.6924]
 [3080.122  1178.6924]
 [3080.122  1193.2441]
 [3036.4668 1193.2441]]"
leededer,"[[1329.0605 1188.3936]
 [1406.6699 1188.3936]
 [1406.6699 1202.9453]
 [1329.0605 1202.9453]]"
tenger,"[[4399.4814 1290.2559]
 [4467.3896 1290.2559]
 [4467.3896 1309.6582]
 [4399.4814 1309.6582]]"
seje,"[[4477.091  1290.2559]
 [4525.5967 1290.2559]
 [4525.5967 1309.6582]
 [4477.091  1309.6582]]"
prelimmart,"[[4394.631  1319.3594]
 [4515.8955 1319.3594]
 [4515.8955 1338.7617]
 [4394.631  1338.7617]]"
ssue,"[[4525.5967 1319.3594]
 [4574.1025 1319.3594]
 [4574.1025 1338.7617]
 [4525.5967 1338.7617]]"
heeetet,"[[2784.2363 1324.21  ]
 [2886.0986 1324.21  ]
 [2886.0986 1343.6123]
 [2784.2363 1343.6123]]"
l,"[[2939.455  1324.21  ]
 [2954.0068 1324.21  ]
 [2954.0068 1343.6123]
 [2939.455  1343.6123]]"
led,"[[2992.8115 1324.21  ]
 [3026.7656 1324.21  ]
 [3026.7656 1338.7617]
 [2992.8115 1338.7617]]"
ealoi,"[[ 994.3701 1329.0605]
 [1057.4277 1329.0605]
 [1057.4277 1343.6123]
 [ 994.3701 1343.6123]]"
leod,"[[1673.4521 1338.7617]
 [1746.2109 1338.7617]
 [1746.2109 1358.1641]
 [1673.4521 1358.1641]]"
seen,"[[2876.3975 1343.6123]
 [2929.754  1343.6123]
 [2929.754  1363.0146]
 [2876.3975 1363.0146]]"
cffee,"[[ 873.10547 1348.4629 ]
 [ 926.4619  1348.4629 ]
 [ 926.4619  1363.0146 ]
 [ 873.10547 1363.0146 ]]"
bllt,"[[2842.4434 1348.4629]
 [2871.5469 1348.4629]
 [2871.5469 1363.0146]
 [2842.4434 1363.0146]]"
deraw,"[[ 873.10547 1367.8652 ]
 [ 926.4619  1367.8652 ]
 [ 926.4619  1387.2676 ]
 [ 873.10547 1387.2676 ]]"
ns,"[[ 926.4619 1367.8652]
 [ 970.1172 1367.8652]
 [ 970.1172 1392.1182]
 [ 926.4619 1392.1182]]"
fcr,"[[ 974.9678  1367.8652 ]
 [1013.77246 1367.8652 ]
 [1013.77246 1392.1182 ]
 [ 974.9678  1392.1182 ]]"
consultent,"[[3856.2158 1372.7158]
 [3982.331  1372.7158]
 [3982.331  1396.9688]
 [3856.2158 1396.9688]]"
beue,"[[4263.665  1372.7158]
 [4321.872  1372.7158]
 [4321.872  1392.1182]
 [4263.665  1392.1182]]"
deecieton,"[[4394.631  1372.7158]
 [4515.8955 1372.7158]
 [4515.8955 1392.1182]
 [4394.631  1392.1182]]"
cate,"[[4782.6777 1372.7158]
 [4831.1836 1372.7158]
 [4831.1836 1392.1182]
 [4782.6777 1392.1182]]"
coie,"[[ 868.2549 1392.1182]
 [ 907.0596 1392.1182]
 [ 907.0596 1406.6699]
 [ 868.2549 1406.6699]]"
toe,"[[ 907.0596 1392.1182]
 [ 960.416  1392.1182]
 [ 960.416  1406.6699]
 [ 907.0596 1406.6699]]"
tcodsewer,"[[2915.2021 1411.5205]
 [3021.915  1411.5205]
 [3021.915  1435.7734]
 [2915.2021 1435.7734]]"
droln,"[[3055.8691 1411.5205]
 [3114.0762 1411.5205]
 [3114.0762 1430.9229]
 [3055.8691 1430.9229]]"
eutay,"[[1392.1182 1416.3711]
 [1455.1758 1416.3711]
 [1455.1758 1435.7734]
 [1392.1182 1435.7734]]"
odeto,"[[3453.6172 1416.3711]
 [3516.6748 1416.3711]
 [3516.6748 1435.7734]
 [3453.6172 1435.7734]]"
ballp,"[[3574.8818 1416.3711]
 [3633.0889 1416.3711]
 [3633.0889 1435.7734]
 [3574.8818 1435.7734]]"
tocode,"[[2090.6025 1430.9229]
 [2158.5107 1430.9229]
 [2158.5107 1445.4746]
 [2090.6025 1445.4746]]"
pre,"[[2168.212  1430.9229]
 [2207.0166 1430.9229]
 [2207.0166 1445.4746]
 [2168.212  1445.4746]]"
balli,"[[2216.7178 1430.9229]
 [2274.9248 1430.9229]
 [2274.9248 1445.4746]
 [2216.7178 1445.4746]]"
refee,"[[3448.7666 1435.7734]
 [3506.9736 1435.7734]
 [3506.9736 1455.1758]
 [3448.7666 1455.1758]]"
inoosewer,"[[ 882.80664 1440.624  ]
 [ 984.66895 1440.624  ]
 [ 984.66895 1460.0264 ]
 [ 882.80664 1460.0264 ]]"
halittyps,"[[1018.62305 1440.624  ]
 [1105.9336  1440.624  ]
 [1105.9336  1460.0264 ]
 [1018.62305 1460.0264 ]]"
lpjd,"[[1299.957  1450.3252]
 [1348.4629 1450.3252]
 [1348.4629 1464.877 ]
 [1299.957  1464.877 ]]"
rcte,"[[1363.0146 1450.3252]
 [1416.3711 1450.3252]
 [1416.3711 1464.877 ]
 [1363.0146 1464.877 ]]"
tee,"[[1416.3711 1450.3252]
 [1464.877  1450.3252]
 [1464.877  1464.877 ]
 [1416.3711 1464.877 ]]"
refer,"[[2090.6025 1450.3252]
 [2158.5107 1450.3252]
 [2158.5107 1469.7275]
 [2090.6025 1469.7275]]"
tgall,"[[2158.5107 1450.3252]
 [2236.12   1450.3252]
 [2236.12   1469.7275]
 [2158.5107 1469.7275]]"
fte,"[[2464.0977 1460.0264]
 [2502.9023 1460.0264]
 [2502.9023 1474.5781]
 [2464.0977 1474.5781]]"
drawngs,"[[3448.7666 1460.0264]
 [3540.9277 1460.0264]
 [3540.9277 1474.5781]
 [3448.7666 1474.5781]]"
fof,"[[3555.4795 1460.0264]
 [3589.4336 1460.0264]
 [3589.4336 1474.5781]
 [3555.4795 1474.5781]]"
s,"[[3812.5605 1464.877 ]
 [3836.8135 1464.877 ]
 [3836.8135 1532.7852]
 [3812.5605 1532.7852]]"
oshftg,"[[2143.959  1469.7275]
 [2231.2695 1469.7275]
 [2231.2695 1489.1299]
 [2143.959  1489.1299]]"
eluees,"[[1324.21   1474.5781]
 [1406.6699 1474.5781]
 [1406.6699 1489.1299]
 [1324.21   1489.1299]]"
oed,"[[1406.6699 1474.5781]
 [1445.4746 1474.5781]
 [1445.4746 1489.1299]
 [1406.6699 1489.1299]]"
unan,"[[2090.6025 1474.5781]
 [2143.959  1474.5781]
 [2143.959  1489.1299]
 [2090.6025 1489.1299]]"
cetnuaon,"[[3448.7666 1479.4287]
 [3579.7324 1479.4287]
 [3579.7324 1498.831 ]
 [3448.7666 1498.831 ]]"
raniwlter,"[[ 955.5654 1493.9805]
 [1062.2783 1493.9805]
 [1062.2783 1513.3828]
 [ 955.5654 1513.3828]]"
lsafr,"[[1309.6582 1493.9805]
 [1372.7158 1493.9805]
 [1372.7158 1513.3828]
 [1309.6582 1513.3828]]"
freator,"[[1372.7158 1493.9805]
 [1460.0264 1493.9805]
 [1460.0264 1513.3828]
 [1372.7158 1513.3828]]"
allmlcr,"[[2143.959  1493.9805]
 [2221.5684 1493.9805]
 [2221.5684 1508.5322]
 [2143.959  1508.5322]]"
beloi,"[[ 727.5879  1498.831  ]
 [ 776.09375 1498.831  ]
 [ 776.09375 1513.3828 ]
 [ 727.5879  1513.3828 ]]"
ofourd,"[[ 800.3467 1498.831 ]
 [ 868.2549 1498.831 ]
 [ 868.2549 1513.3828]
 [ 800.3467 1513.3828]]"
ogool,"[[ 882.80664 1498.831  ]
 [ 945.86426 1498.831  ]
 [ 945.86426 1513.3828 ]
 [ 882.80664 1513.3828 ]]"
docopfel,"[[2342.833  1508.5322]
 [2459.247  1508.5322]
 [2459.247  1527.9346]
 [2342.833  1527.9346]]"
alei,"[[2488.3506 1508.5322]
 [2522.3047 1508.5322]
 [2522.3047 1527.9346]
 [2488.3506 1527.9346]]"
stlen,"[[ 727.5879 1518.2334]
 [ 785.7949 1518.2334]
 [ 785.7949 1537.6357]
 [ 727.5879 1537.6357]]"
tane,"[[ 824.5996 1518.2334]
 [ 868.2549 1518.2334]
 [ 868.2549 1532.7852]
 [ 824.5996 1532.7852]]"
taette,"[[1372.7158 1518.2334]
 [1445.4746 1518.2334]
 [1445.4746 1532.7852]
 [1372.7158 1532.7852]]"
soeftd,"[[2347.6836 1532.7852]
 [2434.9941 1532.7852]
 [2434.9941 1547.3369]
 [2347.6836 1547.3369]]"
lir,"[[2434.9941 1532.7852]
 [2473.7988 1532.7852]
 [2473.7988 1547.3369]
 [2434.9941 1547.3369]]"
fefer,"[[ 727.5879  1537.6357 ]
 [ 780.94434 1537.6357 ]
 [ 780.94434 1557.0381 ]
 [ 727.5879  1557.0381 ]]"
staucturll,"[[ 829.4502 1537.6357]
 [ 941.0137 1537.6357]
 [ 941.0137 1557.0381]
 [ 829.4502 1557.0381]]"
enolneers,"[[ 950.71484 1537.6357 ]
 [1047.7266  1537.6357 ]
 [1047.7266  1557.0381 ]
 [ 950.71484 1557.0381 ]]"
,"[[3812.5605 1537.6357]
 [3831.963  1537.6357]
 [3831.963  1639.498 ]
 [3812.5605 1639.498 ]]"
ing,"[[2391.3389 1552.1875]
 [2425.293  1552.1875]
 [2425.293  1571.5898]
 [2391.3389 1571.5898]]"
lit,"[[2808.4893 1552.1875]
 [2837.5928 1552.1875]
 [2837.5928 1571.5898]
 [2808.4893 1571.5898]]"
coodp,"[[2066.3496 1557.0381]
 [2124.5566 1557.0381]
 [2124.5566 1576.4404]
 [2066.3496 1576.4404]]"
ffa,"[[2177.913  1557.0381]
 [2216.7178 1557.0381]
 [2216.7178 1576.4404]
 [2177.913  1576.4404]]"
draess,"[[ 727.5879 1561.8887]
 [ 819.749  1561.8887]
 [ 819.749  1576.4404]
 [ 727.5879 1576.4404]]"
flor,"[[ 829.4502 1561.8887]
 [ 868.2549 1561.8887]
 [ 868.2549 1576.4404]
 [ 829.4502 1576.4404]]"
tae,"[[ 873.10547 1561.8887 ]
 [ 926.4619  1561.8887 ]
 [ 926.4619  1576.4404 ]
 [ 873.10547 1576.4404 ]]"
tmle,"[[ 960.416  1561.8887]
 [1008.9219 1561.8887]
 [1008.9219 1576.4404]
 [ 960.416  1576.4404]]"
oposs,"[[1852.9238 1566.7393]
 [1911.1309 1566.7393]
 [1911.1309 1581.291 ]
 [1852.9238 1581.291 ]]"
lontinlllioe,"[[2342.833  1571.5898]
 [2473.7988 1571.5898]
 [2473.7988 1590.9922]
 [2342.833  1590.9922]]"
cifil,"[[2158.5107 1576.4404]
 [2197.3154 1576.4404]
 [2197.3154 1595.8428]
 [2158.5107 1595.8428]]"
magcoraaclk,"[[4273.366  1595.8428]
 [4423.7344 1595.8428]
 [4423.7344 1615.2451]
 [4273.366  1615.2451]]"
assacates,"[[4433.4355 1595.8428]
 [4574.1025 1595.8428]
 [4574.1025 1615.2451]
 [4433.4355 1615.2451]]"
consliltats,"[[4583.8037 1595.8428]
 [4739.0225 1595.8428]
 [4739.0225 1615.2451]
 [4583.8037 1615.2451]]"
ptul,"[[4753.574  1595.8428]
 [4792.379  1595.8428]
 [4792.379  1615.2451]
 [4753.574  1615.2451]]"
orawin,"[[2056.6484 1600.6934]
 [2129.4072 1600.6934]
 [2129.4072 1615.2451]
 [2056.6484 1615.2451]]"
foe,"[[2158.5107 1600.6934]
 [2197.3154 1600.6934]
 [2197.3154 1615.2451]
 [2158.5107 1615.2451]]"
hupece,"[[ 916.76074 1610.3945 ]
 [ 979.81836 1610.3945 ]
 [ 979.81836 1629.7969 ]
 [ 916.76074 1629.7969 ]]"
ealeo,"[[1038.0254 1610.3945]
 [1101.083  1610.3945]
 [1101.083  1634.6475]
 [1038.0254 1634.6475]]"
eleus,"[[1678.3027 1610.3945]
 [1741.3604 1610.3945]
 [1741.3604 1629.7969]
 [1678.3027 1629.7969]]"
tedaoo,"[[1746.2109 1610.3945]
 [1814.1191 1610.3945]
 [1814.1191 1629.7969]
 [1746.2109 1629.7969]]"
ilnd,"[[1814.1191 1610.3945]
 [1906.2803 1610.3945]
 [1906.2803 1629.7969]
 [1814.1191 1629.7969]]"
crve,"[[1013.77246 1615.2451 ]
 [1062.2783  1615.2451 ]
 [1062.2783  1654.0498 ]
 [1013.77246 1654.0498 ]]"
etiaeewer,"[[1270.8535 1620.0957]
 [1372.7158 1620.0957]
 [1372.7158 1639.498 ]
 [1270.8535 1639.498 ]]"
lbc,"[[1508.5322 1620.0957]
 [1547.3369 1620.0957]
 [1547.3369 1639.498 ]
 [1508.5322 1639.498 ]]"
sd,"[[4273.366  1620.0957]
 [4312.171  1620.0957]
 [4312.171  1634.6475]
 [4273.366  1634.6475]]"
tteee,"[[4312.171  1620.0957]
 [4394.631  1620.0957]
 [4394.631  1634.6475]
 [4312.171  1634.6475]]"
grurd,"[[1406.6699 1624.9463]
 [1479.4287 1624.9463]
 [1479.4287 1639.498 ]
 [1406.6699 1639.498 ]]"
tanr,"[[2517.454  1624.9463]
 [2561.1094 1624.9463]
 [2561.1094 1639.498 ]
 [2517.454  1639.498 ]]"
sefer,"[[ 916.76074 1634.6475 ]
 [ 970.1172  1634.6475 ]
 [ 970.1172  1654.0498 ]
 [ 916.76074 1654.0498 ]]"
e,"[[1697.7051 1639.498 ]
 [1741.3604 1639.498 ]
 [1741.3604 1668.6016]
 [1697.7051 1668.6016]]"
s,"[[3812.5605 1649.1992]
 [3831.963  1649.1992]
 [3831.963  1712.2568]
 [3812.5605 1712.2568]]"
oralnes,"[[ 911.91016 1654.0498 ]
 [1008.9219  1654.0498 ]
 [1008.9219  1673.4521 ]
 [ 911.91016 1673.4521 ]]"
for,"[[1018.62305 1654.0498 ]
 [1057.4277  1654.0498 ]
 [1057.4277  1678.3027 ]
 [1018.62305 1678.3027 ]]"
lootop,"[[2764.834  1658.9004]
 [2832.7422 1658.9004]
 [2832.7422 1678.3027]
 [2764.834  1678.3027]]"
dotes,"[[2352.5342 1663.751 ]
 [2420.4424 1663.751 ]
 [2420.4424 1688.0039]
 [2352.5342 1688.0039]]"
gechanile,"[[4273.366  1663.751 ]
 [4370.378  1663.751 ]
 [4370.378  1683.1533]
 [4273.366  1683.1533]]"
trile,"[[4438.286  1663.751 ]
 [4491.6426 1663.751 ]
 [4491.6426 1683.1533]
 [4438.286  1683.1533]]"
htlhaulic,"[[4515.8955 1663.751 ]
 [4617.758  1663.751 ]
 [4617.758  1683.1533]
 [4515.8955 1683.1533]]"
flke,"[[4671.1143 1663.751 ]
 [4709.919  1663.751 ]
 [4709.919  1683.1533]
 [4671.1143 1683.1533]]"
gehales,"[[4719.62   1668.6016]
 [4806.9307 1668.6016]
 [4806.9307 1683.1533]
 [4719.62   1683.1533]]"
ontinlltion,"[[ 916.76074 1673.4521 ]
 [1042.876   1673.4521 ]
 [1042.876   1692.8545 ]
 [ 916.76074 1692.8545 ]]"
erooe,"[[3477.87   1683.1533]
 [3540.9277 1683.1533]
 [3540.9277 1702.5557]
 [3477.87   1702.5557]]"
eale,"[[3599.1348 1683.1533]
 [3657.3418 1683.1533]
 [3657.3418 1702.5557]
 [3599.1348 1702.5557]]"
consul,"[[4273.366  1688.0039]
 [4341.2744 1688.0039]
 [4341.2744 1707.4062]
 [4273.366  1707.4062]]"
ting,"[[4341.2744 1688.0039]
 [4380.079  1688.0039]
 [4380.079  1707.4062]
 [4341.2744 1707.4062]]"
eholieeres,"[[4389.7803 1688.0039]
 [4486.792  1688.0039]
 [4486.792  1707.4062]
 [4389.7803 1707.4062]]"
aal,"[[4496.493  1688.0039]
 [4530.4473 1688.0039]
 [4530.4473 1702.5557]
 [4496.493  1702.5557]]"
riest,"[[4554.7    1688.0039]
 [4617.758  1688.0039]
 [4617.758  1707.4062]
 [4554.7    1707.4062]]"
anrgeres,"[[4632.3096 1688.0039]
 [4729.3213 1688.0039]
 [4729.3213 1707.4062]
 [4632.3096 1707.4062]]"
cohle,"[[1256.3018 1697.7051]
 [1329.0605 1697.7051]
 [1329.0605 1717.1074]
 [1256.3018 1717.1074]]"
ille,"[[1333.9111 1697.7051]
 [1392.1182 1697.7051]
 [1392.1182 1721.958 ]
 [1333.9111 1721.958 ]]"
hefer,"[[3477.87   1702.5557]
 [3531.2266 1702.5557]
 [3531.2266 1721.958 ]
 [3477.87   1721.958 ]]"
ciyl,"[[3574.8818 1702.5557]
 [3618.537  1702.5557]
 [3618.537  1721.958 ]
 [3574.8818 1721.958 ]]"
dralalings,"[[3628.2383 1702.5557]
 [3720.3994 1702.5557]
 [3720.3994 1721.958 ]
 [3628.2383 1721.958 ]]"
bocooe,"[[2915.2021 1707.4062]
 [2978.2598 1707.4062]
 [2978.2598 1721.958 ]
 [2915.2021 1721.958 ]]"
frn,"[[3036.4668 1707.4062]
 [3070.421  1707.4062]
 [3070.421  1721.958 ]
 [3036.4668 1721.958 ]]"
iobnss,"[[2017.8438 1717.1074]
 [2080.9014 1717.1074]
 [2080.9014 1736.5098]
 [2017.8438 1736.5098]]"
fta,"[[2090.6025 1717.1074]
 [2129.4072 1717.1074]
 [2129.4072 1731.6592]
 [2090.6025 1731.6592]]"
iooiss,"[[1411.5205 1721.958 ]
 [1474.5781 1721.958 ]
 [1474.5781 1741.3604]
 [1411.5205 1741.3604]]"
foa,"[[3473.0195 1721.958 ]
 [3511.8242 1721.958 ]
 [3511.8242 1741.3604]
 [3473.0195 1741.3604]]"
s,"[[3812.5605 1721.958 ]
 [3831.963  1721.958 ]
 [3831.963  1804.418 ]
 [3812.5605 1804.418 ]]"
fefee,"[[2915.2021 1726.8086]
 [2968.5586 1726.8086]
 [2968.5586 1746.2109]
 [2915.2021 1746.2109]]"
cpil,"[[3012.2139 1726.8086]
 [3060.7197 1726.8086]
 [3060.7197 1751.0615]
 [3012.2139 1751.0615]]"
urt,"[[3521.5254 1726.8086]
 [3565.1807 1726.8086]
 [3565.1807 1741.3604]
 [3521.5254 1741.3604]]"
siat,"[[3570.0312 1726.8086]
 [3623.3877 1726.8086]
 [3623.3877 1741.3604]
 [3570.0312 1741.3604]]"
lean,"[[2915.2021 1746.2109]
 [2968.5586 1746.2109]
 [2968.5586 1765.6133]
 [2915.2021 1765.6133]]"
fle,"[[3017.0645 1746.2109]
 [3051.0186 1746.2109]
 [3051.0186 1765.6133]
 [3017.0645 1765.6133]]"
toootg,"[[3477.87   1746.2109]
 [3545.7783 1746.2109]
 [3545.7783 1760.7627]
 [3477.87   1760.7627]]"
fluors,"[[4307.545  1744.42  ]
 [4367.2446 1751.8824]
 [4364.931  1770.3893]
 [4305.2314 1762.9269]]"
etc,"[[4380.079  1746.2109]
 [4414.033  1746.2109]
 [4414.033  1765.6133]
 [4380.079  1765.6133]]"
hoh,"[[4423.7344 1746.2109]
 [4462.539  1746.2109]
 [4462.539  1765.6133]
 [4423.7344 1765.6133]]"
10,"[[4554.7    1746.2109]
 [4588.6543 1746.2109]
 [4588.6543 1765.6133]
 [4554.7    1765.6133]]"
ss,"[[2968.5586 1751.0615]
 [3007.3633 1751.0615]
 [3007.3633 1765.6133]
 [2968.5586 1765.6133]]"
icoass,"[[1717.1074 1765.6133]
 [1785.0156 1765.6133]
 [1785.0156 1785.0156]
 [1717.1074 1785.0156]]"
flk,"[[3497.2725 1765.6133]
 [3531.2266 1765.6133]
 [3531.2266 1785.0156]
 [3497.2725 1785.0156]]"
livil,"[[3574.8818 1765.6133]
 [3623.3877 1765.6133]
 [3623.3877 1789.8662]
 [3574.8818 1789.8662]]"
drawinges,"[[3628.2383 1765.6133]
 [3725.25   1765.6133]
 [3725.25   1785.0156]
 [3628.2383 1785.0156]]"
conit,"[[2915.2021 1770.4639]
 [2958.8574 1770.4639]
 [2958.8574 1785.0156]
 [2915.2021 1785.0156]]"
loto,"[[2958.8574 1770.4639]
 [3046.168  1770.4639]
 [3046.168  1785.0156]
 [2958.8574 1785.0156]]"
edj,"[[4375.2285 1770.4639]
 [4409.1826 1770.4639]
 [4409.1826 1789.8662]
 [4375.2285 1789.8662]]"
ses,"[[4418.884  1770.4639]
 [4467.3896 1770.4639]
 [4467.3896 1794.7168]
 [4418.884  1794.7168]]"
s,"[[4472.24   1770.4639]
 [4511.045  1770.4639]
 [4511.045  1789.8662]
 [4472.24   1789.8662]]"
iosto,"[[ 858.5537 1775.3145]
 [ 926.4619 1775.3145]
 [ 926.4619 1794.7168]
 [ 858.5537 1794.7168]]"
jealei,"[[ 979.81836 1775.3145 ]
 [1042.876   1775.3145 ]
 [1042.876   1794.7168 ]
 [ 979.81836 1794.7168 ]]"
ghepneng,"[[4283.0674 1775.3145]
 [4365.5273 1775.3145]
 [4365.5273 1789.8662]
 [4283.0674 1789.8662]]"
conthuati,"[[3521.5254 1785.0156]
 [3623.3877 1785.0156]
 [3623.3877 1804.418 ]
 [3521.5254 1804.418 ]]"
ves,"[[3477.87   1789.8662]
 [3516.6748 1789.8662]
 [3516.6748 1818.9697]
 [3477.87   1818.9697]]"
cofulteall,"[[4690.5166 1789.8662]
 [4840.885  1789.8662]
 [4840.885  1809.2686]
 [4690.5166 1809.2686]]"
livil,"[[ 960.416  1794.7168]
 [ 999.2207 1794.7168]
 [ 999.2207 1814.1191]
 [ 960.416  1814.1191]]"
edd,"[[4375.2285 1794.7168]
 [4409.1826 1794.7168]
 [4409.1826 1814.1191]
 [4375.2285 1814.1191]]"
ves,"[[4418.884  1794.7168]
 [4467.3896 1794.7168]
 [4467.3896 1818.9697]
 [4418.884  1818.9697]]"
cess,"[[4472.24   1794.7168]
 [4515.8955 1794.7168]
 [4515.8955 1814.1191]
 [4472.24   1814.1191]]"
cefer,"[[ 858.5537  1799.5674 ]
 [ 911.91016 1799.5674 ]
 [ 911.91016 1814.1191 ]
 [ 858.5537  1814.1191 ]]"
run,"[[4273.366  1799.5674]
 [4312.171  1799.5674]
 [4312.171  1814.1191]
 [4273.366  1814.1191]]"
ufdtess,"[[ 858.5537  1818.9697 ]
 [ 950.71484 1818.9697 ]
 [ 950.71484 1838.3721 ]
 [ 858.5537  1838.3721 ]]"
fug,"[[ 960.416  1818.9697]
 [ 999.2207 1818.9697]
 [ 999.2207 1838.3721]
 [ 960.416  1838.3721]]"
snile,"[[4283.0674 1818.9697]
 [4336.424  1818.9697]
 [4336.424  1833.5215]
 [4283.0674 1833.5215]]"
cniemroes,"[[4375.2285 1818.9697]
 [4598.3555 1818.9697]
 [4598.3555 1838.3721]
 [4375.2285 1838.3721]]"
cooss,"[[2532.0059 1823.8203]
 [2590.213  1823.8203]
 [2590.213  1843.2227]
 [2532.0059 1843.2227]]"
contmatiee,"[[ 858.5537  1838.3721 ]
 [ 989.51953 1838.3721 ]
 [ 989.51953 1857.7744 ]
 [ 858.5537  1857.7744 ]]"
sle,"[[3531.2266 1838.3721]
 [3570.0312 1838.3721]
 [3570.0312 1857.7744]
 [3531.2266 1857.7744]]"
bounoaired,"[[3579.7324 1838.3721]
 [3725.25   1838.3721]
 [3725.25   1857.7744]
 [3579.7324 1857.7744]]"
sed,"[[4273.366  1843.2227]
 [4312.171  1843.2227]
 [4312.171  1857.7744]
 [4273.366  1857.7744]]"
meecoimel,"[[4375.2285 1843.2227]
 [4481.9414 1843.2227]
 [4481.9414 1857.7744]
 [4375.2285 1857.7744]]"
eoa,"[[4486.792  1843.2227]
 [4520.746  1843.2227]
 [4520.746  1857.7744]
 [4486.792  1857.7744]]"
palle,"[[1333.9111 1848.0732]
 [1377.5664 1848.0732]
 [1377.5664 1862.625 ]
 [1333.9111 1862.625 ]]"
iehnt,"[[3186.835  1852.9238]
 [3264.4443 1852.9238]
 [3264.4443 1867.4756]
 [3186.835  1867.4756]]"
lqed,"[[1266.0029 1872.3262]
 [1314.5088 1872.3262]
 [1314.5088 1891.7285]
 [1266.0029 1891.7285]]"
isle,"[[3531.2266 1877.1768]
 [3570.0312 1877.1768]
 [3570.0312 1891.7285]
 [3531.2266 1891.7285]]"
mterec,"[[3579.7324 1877.1768]
 [3652.4912 1877.1768]
 [3652.4912 1891.7285]
 [3579.7324 1891.7285]]"
ibliswo,"[[1998.4414 1886.8779]
 [2080.9014 1886.8779]
 [2080.9014 1906.2803]
 [1998.4414 1906.2803]]"
ground,"[[2114.8555 1886.8779]
 [2187.6143 1886.8779]
 [2187.6143 1906.2803]
 [2114.8555 1906.2803]]"
osio,"[[2459.247  1886.8779]
 [2512.6035 1886.8779]
 [2512.6035 1906.2803]
 [2459.247  1906.2803]]"
pfroa,"[[3914.4229 1896.5791]
 [3972.63   1896.5791]
 [3972.63   1911.1309]
 [3914.4229 1911.1309]]"
deftel,"[[3987.1816 1896.5791]
 [4045.3887 1896.5791]
 [4045.3887 1911.1309]
 [3987.1816 1911.1309]]"
maled,"[[4084.1934 1896.5791]
 [4127.8486 1896.5791]
 [4127.8486 1911.1309]
 [4084.1934 1911.1309]]"
feflue,"[[3526.376  1901.4297]
 [3594.2842 1901.4297]
 [3594.2842 1915.9814]
 [3526.376  1915.9814]]"
le,"[[3628.2383 1901.4297]
 [3662.1924 1901.4297]
 [3662.1924 1915.9814]
 [3628.2383 1915.9814]]"
eic,"[[1299.957  1906.2803]
 [1343.6123 1906.2803]
 [1343.6123 1925.6826]
 [1299.957  1925.6826]]"
1s9l,"[[3177.1338 1906.2803]
 [3220.789  1906.2803]
 [3220.789  1925.6826]
 [3177.1338 1925.6826]]"
let,"[[3928.9746 1915.9814]
 [3972.63   1915.9814]
 [3972.63   1940.2344]
 [3928.9746 1940.2344]]"
iscise,"[[2813.3398 1920.832 ]
 [2876.3975 1920.832 ]
 [2876.3975 1940.2344]
 [2813.3398 1940.2344]]"
oroeo,"[[2954.0068 1920.832 ]
 [3021.915  1920.832 ]
 [3021.915  1940.2344]
 [2954.0068 1940.2344]]"
thleo,"[[3031.6162 1920.832 ]
 [3094.6738 1920.832 ]
 [3094.6738 1940.2344]
 [3031.6162 1940.2344]]"
selhee,"[[1299.957  1935.3838]
 [1367.8652 1935.3838]
 [1367.8652 1954.7861]
 [1299.957  1954.7861]]"
ocode,"[[ 863.4043 1940.2344]
 [ 926.4619 1940.2344]
 [ 926.4619 1959.6367]
 [ 863.4043 1959.6367]]"
balci,"[[ 984.66895 1940.2344 ]
 [1042.876   1940.2344 ]
 [1042.876   1959.6367 ]
 [ 984.66895 1959.6367 ]]"
tivi,"[[ 960.416  1945.085 ]
 [1008.9219 1945.085 ]
 [1008.9219 1983.8896]
 [ 960.416  1983.8896]]"
oaheen,"[[1527.9346 1945.085 ]
 [1620.0957 1945.085 ]
 [1620.0957 1964.4873]
 [1527.9346 1964.4873]]"
refee,"[[ 863.4043  1959.6367 ]
 [ 916.76074 1959.6367 ]
 [ 916.76074 1979.0391 ]
 [ 863.4043  1979.0391 ]]"
to,"[[ 926.4619 1959.6367]
 [ 955.5654 1959.6367]
 [ 955.5654 1988.7402]
 [ 926.4619 1988.7402]]"
aels,"[[1295.1064 1979.0391]
 [1343.6123 1979.0391]
 [1343.6123 1993.5908]
 [1295.1064 1993.5908]]"
boone,"[[1363.0146 1979.0391]
 [1411.5205 1979.0391]
 [1411.5205 1993.5908]
 [1363.0146 1993.5908]]"
icopsewer,"[[2037.2461 1979.0391]
 [2139.1084 1979.0391]
 [2139.1084 1998.4414]
 [2037.2461 1998.4414]]"
hel,"[[2173.0625 1979.0391]
 [2207.0166 1979.0391]
 [2207.0166 1998.4414]
 [2173.0625 1998.4414]]"
itoosewer,"[[2895.7998 1979.0391]
 [2997.662  1979.0391]
 [2997.662  1998.4414]
 [2895.7998 1998.4414]]"
decbinds,"[[ 858.5537 1983.8896]
 [ 955.5654 1983.8896]
 [ 955.5654 2003.292 ]
 [ 858.5537 2003.292 ]]"
fe,"[[ 965.2666 1983.8896]
 [1004.0713 1983.8896]
 [1004.0713 2008.1426]
 [ 965.2666 2008.1426]]"
contelat,"[[ 858.5537 2003.292 ]
 [ 960.416  2003.292 ]
 [ 960.416  2022.6943]
 [ 858.5537 2022.6943]]"
ca,"[[ 960.416   2003.292  ]
 [ 989.51953 2003.292  ]
 [ 989.51953 2022.6943 ]
 [ 960.416   2022.6943 ]]"
1ll,"[[2061.499  2003.292 ]
 [2095.4531 2003.292 ]
 [2095.4531 2022.6943]
 [2061.499  2022.6943]]"
hel,"[[2895.7998 2003.292 ]
 [2929.754  2003.292 ]
 [2929.754  2022.6943]
 [2895.7998 2022.6943]]"
1s0,"[[2968.5586 2003.292 ]
 [3002.5127 2003.292 ]
 [3002.5127 2022.6943]
 [2968.5586 2022.6943]]"
proect,"[[3492.4219 2017.8438]
 [3570.0312 2017.8438]
 [3570.0312 2037.2461]
 [3492.4219 2037.2461]]"
name,"[[3574.8818 2017.8438]
 [3642.79   2017.8438]
 [3642.79   2037.2461]
 [3574.8818 2037.2461]]"
adarsss,"[[3492.4219 2046.9473]
 [3584.583  2046.9473]
 [3584.583  2066.3496]
 [3492.4219 2066.3496]]"
agad,"[[ 858.5537 2051.7979]
 [ 897.3584 2051.7979]
 [ 897.3584 2066.3496]
 [ 858.5537 2066.3496]]"
eviball,"[[ 955.5654 2051.7979]
 [1042.876  2051.7979]
 [1042.876  2095.4531]
 [ 955.5654 2095.4531]]"
efer,"[[ 858.5537  2071.2002 ]
 [ 916.76074 2071.2002 ]
 [ 916.76074 2095.4531 ]
 [ 858.5537  2095.4531 ]]"
ta,"[[ 921.6113  2071.2002 ]
 [ 950.71484 2071.2002 ]
 [ 950.71484 2095.4531 ]
 [ 921.6113  2095.4531 ]]"
rofdsed,"[[3909.5723 2071.2002]
 [3992.0322 2071.2002]
 [3992.0322 2085.752 ]
 [3909.5723 2085.752 ]]"
so,"[[4006.584  2071.2002]
 [4045.3887 2071.2002]
 [4045.3887 2114.8555]
 [4006.584  2114.8555]]"
sewer,"[[4055.0898 2071.2002]
 [4113.297  2071.2002]
 [4113.297  2090.6025]
 [4055.0898 2090.6025]]"
iooioe,"[[1906.2803 2076.0508]
 [1969.3379 2076.0508]
 [1969.3379 2095.4531]
 [1906.2803 2095.4531]]"
tve,"[[2992.8115 2076.0508]
 [3026.7656 2076.0508]
 [3026.7656 2090.6025]
 [2992.8115 2090.6025]]"
blawnds,"[[ 853.7031  2090.6025 ]
 [ 945.86426 2090.6025 ]
 [ 945.86426 2110.005  ]
 [ 853.7031  2110.005  ]]"
ftr,"[[ 955.5654 2090.6025]
 [ 999.2207 2090.6025]
 [ 999.2207 2114.8555]
 [ 955.5654 2114.8555]]"
nocod,"[[1620.0957 2090.6025]
 [1663.751  2090.6025]
 [1663.751  2105.1543]
 [1620.0957 2105.1543]]"
twee,"[[1663.751  2090.6025]
 [1726.8086 2090.6025]
 [1726.8086 2110.005 ]
 [1663.751  2110.005 ]]"
lel,"[[1760.7627 2090.6025]
 [1794.7168 2090.6025]
 [1794.7168 2110.005 ]
 [1760.7627 2110.005 ]]"
dearinds,"[[3448.7666 2090.6025]
 [3540.9277 2090.6025]
 [3540.9277 2110.005 ]
 [3448.7666 2110.005 ]]"
fof,"[[3555.4795 2090.6025]
 [3589.4336 2090.6025]
 [3589.4336 2110.005 ]
 [3555.4795 2110.005 ]]"
coelien,"[[3899.871  2090.6025]
 [4006.584  2090.6025]
 [4006.584  2110.005 ]
 [3899.871  2110.005 ]]"
exs,"[[4050.2393 2090.6025]
 [4093.8945 2090.6025]
 [4093.8945 2114.8555]
 [4050.2393 2114.8555]]"
si,"[[4098.745  2090.6025]
 [4137.55   2090.6025]
 [4137.55   2134.2578]
 [4098.745  2134.2578]]"
snt,"[[4142.4004 2090.6025]
 [4181.205  2090.6025]
 [4181.205  2110.005 ]
 [4142.4004 2110.005 ]]"
oruu,"[[2910.3516 2095.4531]
 [2963.708  2095.4531]
 [2963.708  2114.8555]
 [2910.3516 2114.8555]]"
ceound,"[[1906.2803 2100.3037]
 [1979.0391 2100.3037]
 [1979.0391 2114.8555]
 [1906.2803 2114.8555]]"
lotlp,"[[2556.2588 2100.3037]
 [2619.3164 2100.3037]
 [2619.3164 2119.706 ]
 [2556.2588 2119.706 ]]"
tre,"[[2629.0176 2100.3037]
 [2667.8223 2100.3037]
 [2667.8223 2119.706 ]
 [2629.0176 2119.706 ]]"
iorass,"[[2362.2354 2105.1543]
 [2425.293  2105.1543]
 [2425.293  2124.5566]
 [2362.2354 2124.5566]]"
llimtinlcl,"[[3448.7666 2110.005 ]
 [3545.7783 2110.005 ]
 [3545.7783 2124.5566]
 [3448.7666 2124.5566]]"
sewea,"[[3899.871  2110.005 ]
 [3958.0781 2110.005 ]
 [3958.0781 2129.4072]
 [3899.871  2129.4072]]"
haln,"[[3967.7793 2110.005 ]
 [4011.4346 2110.005 ]
 [4011.4346 2129.4072]
 [3967.7793 2129.4072]]"
sine,"[[4050.2393 2110.005 ]
 [4093.8945 2110.005 ]
 [4093.8945 2134.2578]
 [4050.2393 2134.2578]]"
de,"[[4190.9062 2110.005 ]
 [4220.01   2110.005 ]
 [4220.01   2129.4072]
 [4190.9062 2129.4072]]"
ontelot,"[[ 858.5537 2114.8555]
 [ 955.5654 2114.8555]
 [ 955.5654 2129.4072]
 [ 858.5537 2129.4072]]"
or,"[[ 955.5654  2114.8555 ]
 [ 984.66895 2114.8555 ]
 [ 984.66895 2129.4072 ]
 [ 955.5654  2129.4072 ]]"
seso,"[[1649.1992 2114.8555]
 [1683.1533 2114.8555]
 [1683.1533 2129.4072]
 [1649.1992 2129.4072]]"
cround,"[[2556.2588 2119.706 ]
 [2629.0176 2119.706 ]
 [2629.0176 2139.1084]
 [2556.2588 2139.1084]]"
sealy,"[[1358.1641 2124.5566]
 [1411.5205 2124.5566]
 [1411.5205 2143.959 ]
 [1358.1641 2143.959 ]]"
grrued,"[[2357.3848 2124.5566]
 [2430.1436 2124.5566]
 [2430.1436 2143.959 ]
 [2357.3848 2143.959 ]]"
acced,"[[3967.7793 2134.2578]
 [4040.538  2134.2578]
 [4040.538  2148.8096]
 [3967.7793 2148.8096]]"
ted,"[[4040.538  2134.2578]
 [4079.3428 2134.2578]
 [4079.3428 2148.8096]
 [4040.538  2148.8096]]"
cort,"[[4084.1934 2134.2578]
 [4132.699  2134.2578]
 [4132.699  2148.8096]
 [4084.1934 2148.8096]]"
laltor,"[[4132.699  2134.2578]
 [4205.458  2134.2578]
 [4205.458  2148.8096]
 [4132.699  2148.8096]]"
intrl,"[[1915.9814 2143.959 ]
 [1959.6367 2143.959 ]
 [1959.6367 2158.5107]
 [1915.9814 2158.5107]]"
odsto,"[[3453.6172 2153.6602]
 [3516.6748 2153.6602]
 [3516.6748 2168.212 ]
 [3453.6172 2168.212 ]]"
bollt,"[[3574.8818 2153.6602]
 [3633.0889 2153.6602]
 [3633.0889 2168.212 ]
 [3574.8818 2168.212 ]]"
rrw,"[[3933.8252 2153.6602]
 [3977.4805 2153.6602]
 [3977.4805 2173.0625]
 [3933.8252 2173.0625]]"
reculailtes,"[[3982.331  2153.6602]
 [4108.4463 2153.6602]
 [4108.4463 2173.0625]
 [3982.331  2173.0625]]"
danido,"[[4118.1475 2153.6602]
 [4156.952  2153.6602]
 [4156.952  2168.212 ]
 [4118.1475 2168.212 ]]"
sete,"[[3051.0186 2158.5107]
 [3099.5244 2158.5107]
 [3099.5244 2173.0625]
 [3051.0186 2173.0625]]"
oouss,"[[2633.8682 2168.212 ]
 [2696.9258 2168.212 ]
 [2696.9258 2187.6143]
 [2633.8682 2187.6143]]"
efer,"[[3448.7666 2173.0625]
 [3506.9736 2173.0625]
 [3506.9736 2192.4648]
 [3448.7666 2192.4648]]"
lirl,"[[3550.629  2173.0625]
 [3589.4336 2173.0625]
 [3589.4336 2192.4648]
 [3550.629  2192.4648]]"
reoirement,"[[3899.871  2173.0625]
 [4021.1357 2173.0625]
 [4021.1357 2192.4648]
 [3899.871  2192.4648]]"
loc,"[[ 863.4043 2177.913 ]
 [ 892.5078 2177.913 ]
 [ 892.5078 2192.4648]
 [ 863.4043 2192.4648]]"
odf,"[[ 892.5078 2177.913 ]
 [ 926.4619 2177.913 ]
 [ 926.4619 2192.4648]
 [ 892.5078 2192.4648]]"
ts,"[[ 926.4619  2177.913  ]
 [ 950.71484 2177.913  ]
 [ 950.71484 2216.7178 ]
 [ 926.4619  2216.7178 ]]"
cs,"[[ 960.416  2177.913 ]
 [1047.7266 2177.913 ]
 [1047.7266 2216.7178]
 [ 960.416  2216.7178]]"
d,"[[2687.2246 2187.6143]
 [2701.7764 2187.6143]
 [2701.7764 2207.0166]
 [2687.2246 2207.0166]]"
drawings,"[[3448.7666 2192.4648]
 [3540.9277 2192.4648]
 [3540.9277 2211.8672]
 [3448.7666 2211.8672]]"
for,"[[3550.629  2192.4648]
 [3594.2842 2192.4648]
 [3594.2842 2216.7178]
 [3550.629  2216.7178]]"
ing,"[[4360.677  2192.4648]
 [4399.4814 2192.4648]
 [4399.4814 2207.0166]
 [4360.677  2207.0166]]"
triglie,"[[4443.1367 2192.4648]
 [4491.6426 2192.4648]
 [4491.6426 2207.0166]
 [4443.1367 2207.0166]]"
cosriat,"[[4505.138  2196.4512]
 [4583.42   2188.6228]
 [4585.245  2206.8726]
 [4506.963  2214.701 ]]"
hol,"[[4642.0107 2192.4648]
 [4685.666  2192.4648]
 [4685.666  2207.0166]
 [4642.0107 2207.0166]]"
pgd,"[[4767.061  2197.4336]
 [4821.364  2191.4   ]
 [4823.257  2208.4363]
 [4768.954  2214.4697]]"
refel,"[[ 863.4043  2197.3154 ]
 [ 916.76074 2197.3154 ]
 [ 916.76074 2216.7178 ]
 [ 863.4043  2216.7178 ]]"
ll,"[[3948.377  2197.3154]
 [3982.331  2197.3154]
 [3982.331  2211.8672]
 [3948.377  2211.8672]]"
feey,"[[3992.0322 2197.3154]
 [4035.6875 2197.3154]
 [4035.6875 2211.8672]
 [3992.0322 2211.8672]]"
and,"[[4045.3887 2197.3154]
 [4084.1934 2197.3154]
 [4084.1934 2211.8672]
 [4045.3887 2211.8672]]"
lhatles,"[[4093.8945 2197.3154]
 [4176.3545 2197.3154]
 [4176.3545 2211.8672]
 [4093.8945 2211.8672]]"
pina,"[[4477.091  2211.8672]
 [4525.5967 2211.8672]
 [4525.5967 2226.419 ]
 [4477.091  2226.419 ]]"
gee,"[[4525.5967 2211.8672]
 [4559.551  2211.8672]
 [4559.551  2226.419 ]
 [4525.5967 2226.419 ]]"
pilinpol,"[[4569.252  2211.8672]
 [4632.3096 2211.8672]
 [4632.3096 2226.419 ]
 [4569.252  2226.419 ]]"
ilieet,"[[4700.218  2211.8672]
 [4743.873  2211.8672]
 [4743.873  2226.419 ]
 [4700.218  2226.419 ]]"
ean,"[[4782.6777 2211.8672]
 [4821.4824 2211.8672]
 [4821.4824 2226.419 ]
 [4782.6777 2226.419 ]]"
drallieds,"[[ 858.5537 2216.7178]
 [ 955.5654 2216.7178]
 [ 955.5654 2236.12  ]
 [ 858.5537 2236.12  ]]"
for,"[[ 965.2666 2216.7178]
 [1004.0713 2216.7178]
 [1004.0713 2240.9707]
 [ 965.2666 2240.9707]]"
cearliioe,"[[3448.7666 2216.7178]
 [3579.7324 2216.7178]
 [3579.7324 2231.2695]
 [3448.7666 2231.2695]]"
cha,"[[4312.171  2231.2695]
 [4341.2744 2231.2695]
 [4341.2744 2245.8213]
 [4312.171  2245.8213]]"
ctraolire,"[[4350.9756 2231.2695]
 [4443.1367 2231.2695]
 [4443.1367 2245.8213]
 [4350.9756 2245.8213]]"
brcinles,"[[4452.838  2231.2695]
 [4540.1484 2231.2695]
 [4540.1484 2245.8213]
 [4452.838  2245.8213]]"
cor,"[[ 863.4043 2240.9707]
 [ 897.3584 2240.9707]
 [ 897.3584 2255.5225]
 [ 863.4043 2255.5225]]"
bonu,"[[ 907.0596 2240.9707]
 [ 960.416  2240.9707]
 [ 960.416  2255.5225]
 [ 907.0596 2255.5225]]"
aed,"[[4326.7227 2270.0742]
 [4370.378  2270.0742]
 [4370.378  2284.626 ]
 [4326.7227 2284.626 ]]"
saroes,"[[4452.838  2270.0742]
 [4501.3438 2270.0742]
 [4501.3438 2284.626 ]
 [4452.838  2284.626 ]]"
smet,"[[1557.0381 2274.9248]
 [1605.544  2274.9248]
 [1605.544  2294.3271]
 [1557.0381 2294.3271]]"
me,"[[1717.1074 2274.9248]
 [1765.6133 2274.9248]
 [1765.6133 2289.4766]
 [1717.1074 2289.4766]]"
sieeit,"[[1886.8779 2274.9248]
 [1935.3838 2274.9248]
 [1935.3838 2289.4766]
 [1886.8779 2289.4766]]"
siretrt,"[[2046.9473 2274.9248]
 [2095.4531 2274.9248]
 [2095.4531 2289.4766]
 [2046.9473 2289.4766]]"
segnle,"[[2192.4648 2274.9248]
 [2245.8213 2274.9248]
 [2245.8213 2289.4766]
 [2192.4648 2289.4766]]"
ead,"[[2522.3047 2274.9248]
 [2575.6611 2274.9248]
 [2575.6611 2289.4766]
 [2522.3047 2289.4766]]"
taoe,"[[2682.374  2274.9248]
 [2730.88   2274.9248]
 [2730.88   2289.4766]
 [2682.374  2289.4766]]"
erpalle,"[[2852.1445 2274.9248]
 [2905.501  2274.9248]
 [2905.501  2289.4766]
 [2852.1445 2289.4766]]"
tanets,"[[4321.872  2289.4766]
 [4394.631  2289.4766]
 [4394.631  2304.0283]
 [4321.872  2304.0283]]"
aare,"[[4452.838  2289.4766]
 [4491.6426 2289.4766]
 [4491.6426 2304.0283]
 [4452.838  2304.0283]]"
feee,"[[4530.4473 2289.4766]
 [4569.252  2289.4766]
 [4569.252  2304.0283]
 [4530.4473 2304.0283]]"
cire,"[[4569.252  2289.4766]
 [4612.907  2289.4766]
 [4612.907  2304.0283]
 [4569.252  2304.0283]]"
decn,"[[4680.8154 2289.4766]
 [4714.7695 2289.4766]
 [4714.7695 2304.0283]
 [4680.8154 2304.0283]]"
mce,"[[4719.62   2289.4766]
 [4758.425  2289.4766]
 [4758.425  2304.0283]
 [4719.62   2304.0283]]"
doice,"[[2449.546  2328.2812]
 [2512.6035 2328.2812]
 [2512.6035 2347.6836]
 [2449.546  2347.6836]]"
ealc,"[[2570.8105 2328.2812]
 [2629.0176 2328.2812]
 [2629.0176 2347.6836]
 [2570.8105 2347.6836]]"
lala,"[[2764.834  2328.2812]
 [2813.3398 2328.2812]
 [2813.3398 2342.833 ]
 [2764.834  2342.833 ]]"
rigdr,"[[2949.1562 2328.2812]
 [3017.0645 2328.2812]
 [3017.0645 2347.6836]
 [2949.1562 2347.6836]]"
ibllo,"[[3075.2715 2328.2812]
 [3128.628  2328.2812]
 [3128.628  2347.6836]
 [3075.2715 2347.6836]]"
ite,"[[4331.573  2328.2812]
 [4399.4814 2328.2812]
 [4399.4814 2367.086 ]
 [4331.573  2367.086 ]]"
bael,"[[2279.7754 2333.1318]
 [2333.1318 2333.1318]
 [2333.1318 2342.833 ]
 [2279.7754 2342.833 ]]"
lighl,"[[4283.0674 2342.833 ]
 [4321.872  2342.833 ]
 [4321.872  2362.2354]
 [4283.0674 2362.2354]]"
ete,"[[4705.0684 2342.833 ]
 [4734.172  2342.833 ]
 [4734.172  2362.2354]
 [4705.0684 2362.2354]]"
ee,"[[2473.7988 2347.6836]
 [2507.753  2347.6836]
 [2507.753  2367.086 ]
 [2473.7988 2367.086 ]]"
par,"[[4409.1826 2347.6836]
 [4443.1367 2347.6836]
 [4443.1367 2362.2354]
 [4409.1826 2362.2354]]"
oltete,"[[4472.24   2347.6836]
 [4535.298  2347.6836]
 [4535.298  2362.2354]
 [4472.24   2362.2354]]"
senreg,"[[4549.8496 2347.6836]
 [4627.459  2347.6836]
 [4627.459  2362.2354]
 [4549.8496 2362.2354]]"
1aa,"[[4637.16   2347.6836]
 [4666.2637 2347.6836]
 [4666.2637 2362.2354]
 [4637.16   2362.2354]]"
re,"[[4748.7236 2347.6836]
 [4792.379  2347.6836]
 [4792.379  2362.2354]
 [4748.7236 2362.2354]]"
provided,"[[1945.085  2352.5342]
 [2037.2461 2352.5342]
 [2037.2461 2376.787 ]
 [1945.085  2376.787 ]]"
fo,"[[2551.4082 2352.5342]
 [2595.0635 2352.5342]
 [2595.0635 2391.3389]
 [2551.4082 2391.3389]]"
for,"[[3046.168  2347.6836]
 [3094.6738 2347.6836]
 [3094.6738 2391.3389]
 [3046.168  2391.3389]]"
ceiling,"[[4472.24   2362.2354]
 [4525.5967 2362.2354]
 [4525.5967 2381.6377]
 [4472.24   2381.6377]]"
e,"[[4743.873  2367.086 ]
 [4763.2754 2367.086 ]
 [4763.2754 2381.6377]
 [4743.873  2381.6377]]"
drawings,"[[2949.5854 2365.498 ]
 [3047.4558 2372.0227]
 [3045.8677 2395.8464]
 [2947.9976 2389.3218]]"
prglatte,"[[4283.0674 2367.086 ]
 [4370.378  2367.086 ]
 [4370.378  2381.6377]
 [4283.0674 2381.6377]]"
ialagr,"[[4380.079  2367.086 ]
 [4457.6885 2367.086 ]
 [4457.6885 2381.6377]
 [4380.079  2381.6377]]"
plsnes,"[[4535.298  2367.086 ]
 [4583.8037 2367.086 ]
 [4583.8037 2381.6377]
 [4535.298  2381.6377]]"
did,"[[4593.505  2367.086 ]
 [4627.459  2367.086 ]
 [4627.459  2381.6377]
 [4593.505  2381.6377]]"
glier,"[[4637.16   2367.086 ]
 [4685.666  2367.086 ]
 [4685.666  2381.6377]
 [4637.16   2381.6377]]"
dlpss,"[[1658.9004 2371.9365]
 [1721.958  2371.9365]
 [1721.958  2391.3389]
 [1658.9004 2391.3389]]"
arinns,"[[2473.7988 2371.9365]
 [2541.707  2371.9365]
 [2541.707  2386.4883]
 [2473.7988 2386.4883]]"
peotd,"[[1285.4053 2381.6377]
 [1353.3135 2381.6377]
 [1353.3135 2401.04  ]
 [1285.4053 2401.04  ]]"
gla,"[[1411.5205 2381.6377]
 [1464.877  2381.6377]
 [1464.877  2401.04  ]
 [1411.5205 2401.04  ]]"
deaee,"[[1969.3379 2381.6377]
 [2027.5449 2381.6377]
 [2027.5449 2401.04  ]
 [1969.3379 2401.04  ]]"
crte,"[[2110.005  2381.6377]
 [2177.913  2381.6377]
 [2177.913  2401.04  ]
 [2110.005  2401.04  ]]"
lelle,"[[2231.2695 2381.6377]
 [2294.3271 2381.6377]
 [2294.3271 2401.04  ]
 [2231.2695 2401.04  ]]"
lrecile,"[[4283.0674 2386.4883]
 [4360.677  2386.4883]
 [4360.677  2401.04  ]
 [4283.0674 2401.04  ]]"
grounc,"[[1658.9004 2391.3389]
 [1726.8086 2391.3389]
 [1726.8086 2410.7412]
 [1658.9004 2410.7412]]"
edetieultion,"[[2449.546  2391.3389]
 [2580.5117 2391.3389]
 [2580.5117 2410.7412]
 [2449.546  2410.7412]]"
continlalidh,"[[2954.0068 2391.3389]
 [3080.122  2391.3389]
 [3080.122  2410.7412]
 [2954.0068 2410.7412]]"
fefer,"[[2110.005  2401.04  ]
 [2168.212  2401.04  ]
 [2168.212  2420.4424]
 [2110.005  2420.4424]]"
lil,"[[2207.0166 2401.04  ]
 [2250.6719 2401.04  ]
 [2250.6719 2420.4424]
 [2207.0166 2420.4424]]"
spatnings,"[[1285.4053 2420.4424]
 [1387.2676 2420.4424]
 [1387.2676 2478.6494]
 [1285.4053 2478.6494]]"
for,"[[1387.2676 2420.4424]
 [1426.0723 2420.4424]
 [1426.0723 2439.8447]
 [1387.2676 2439.8447]]"
icopdf,"[[1867.4756 2420.4424]
 [1935.3838 2420.4424]
 [1935.3838 2439.8447]
 [1867.4756 2439.8447]]"
tbalci,"[[1988.7402 2420.4424]
 [2046.9473 2420.4424]
 [2046.9473 2439.8447]
 [1988.7402 2439.8447]]"
drlwings,"[[2110.005  2420.4424]
 [2207.0166 2420.4424]
 [2207.0166 2439.8447]
 [2110.005  2439.8447]]"
for,"[[2211.8672 2420.4424]
 [2250.6719 2420.4424]
 [2250.6719 2439.8447]
 [2211.8672 2439.8447]]"
ciesel,"[[4622.6084 2425.293 ]
 [4695.367  2425.293 ]
 [4695.367  2434.9941]
 [4622.6084 2434.9941]]"
cuofean,"[[1193.2441 2430.1436]
 [1285.4053 2430.1436]
 [1285.4053 2449.546 ]
 [1193.2441 2449.546 ]]"
elailor,"[[2575.6611 2430.1436]
 [2638.7188 2430.1436]
 [2638.7188 2444.6953]
 [2575.6611 2444.6953]]"
iocpid,"[[2818.1904 2430.1436]
 [2886.0986 2430.1436]
 [2886.0986 2449.546 ]
 [2818.1904 2449.546 ]]"
cebalci,"[[2939.455  2430.1436]
 [2997.662  2430.1436]
 [2997.662  2449.546 ]
 [2939.455  2449.546 ]]"
nee,"[[1329.0605 2444.6953]
 [1387.2676 2444.6953]
 [1387.2676 2473.7988]
 [1329.0605 2473.7988]]"
on,"[[1387.2676 2444.6953]
 [1416.3711 2444.6953]
 [1416.3711 2459.247 ]
 [1387.2676 2459.247 ]]"
refel,"[[1867.4756 2444.6953]
 [1920.832  2444.6953]
 [1920.832  2459.247 ]
 [1867.4756 2459.247 ]]"
lubul,"[[1964.4873 2444.6953]
 [2008.1426 2444.6953]
 [2008.1426 2459.247 ]
 [1964.4873 2459.247 ]]"
ccntndeltide,"[[2110.005  2444.6953]
 [2240.9707 2444.6953]
 [2240.9707 2464.0977]
 [2110.005  2464.0977]]"
lefer,"[[2818.1904 2449.546 ]
 [2876.3975 2449.546 ]
 [2876.3975 2468.9482]
 [2818.1904 2468.9482]]"
to,"[[2881.248  2449.546 ]
 [2910.3516 2449.546 ]
 [2910.3516 2468.9482]
 [2881.248  2468.9482]]"
cibil,"[[2915.2021 2449.546 ]
 [2958.8574 2449.546 ]
 [2958.8574 2468.9482]
 [2915.2021 2468.9482]]"
lotated,"[[1193.2441 2454.3965]
 [1280.5547 2454.3965]
 [1280.5547 2478.6494]
 [1193.2441 2478.6494]]"
tis,"[[4283.0674 2459.247 ]
 [4331.573  2459.247 ]
 [4331.573  2498.0518]
 [4283.0674 2498.0518]]"
lable,"[[4467.3896 2459.247 ]
 [4511.045  2459.247 ]
 [4511.045  2478.6494]
 [4467.3896 2478.6494]]"
gecironic,"[[4548.6265 2460.299 ]
 [4632.01   2454.7402]
 [4633.2764 2473.7349]
 [4549.893  2479.2937]]"
emol,"[[4646.8613 2459.247 ]
 [4705.0684 2459.247 ]
 [4705.0684 2473.7988]
 [4646.8613 2473.7988]]"
osaals,"[[1867.4756 2464.0977]
 [1959.6367 2464.0977]
 [1959.6367 2478.6494]
 [1867.4756 2478.6494]]"
fos,"[[1969.3379 2464.0977]
 [2008.1426 2464.0977]
 [2008.1426 2478.6494]
 [1969.3379 2478.6494]]"
soting,"[[4331.573  2464.0977]
 [4399.4814 2464.0977]
 [4399.4814 2478.6494]
 [4331.573  2478.6494]]"
deanrns,"[[2818.1904 2473.7988]
 [2910.3516 2473.7988]
 [2910.3516 2488.3506]
 [2818.1904 2488.3506]]"
fon,"[[2920.0527 2473.7988]
 [2958.8574 2473.7988]
 [2958.8574 2488.3506]
 [2920.0527 2488.3506]]"
fetoble,"[[4339.677  2483.6772]
 [4408.3545 2476.0466]
 [4410.425  2494.68  ]
 [4341.7476 2502.3108]]"
lns,"[[4447.9873 2478.6494]
 [4481.9414 2478.6494]
 [4481.9414 2493.2012]
 [4447.9873 2493.2012]]"
rtroeler,"[[4545.7153 2475.628 ]
 [4618.7524 2482.2678]
 [4617.1616 2499.7617]
 [4544.125  2493.1218]]"
peu,"[[1193.2441 2483.5   ]
 [1246.6006 2483.5   ]
 [1246.6006 2502.9023]
 [1193.2441 2502.9023]]"
coutled,"[[1295.1064 2483.5   ]
 [1392.1182 2483.5   ]
 [1392.1182 2502.9023]
 [1295.1064 2502.9023]]"
contmation,"[[1867.4756 2483.5   ]
 [1998.4414 2483.5   ]
 [1998.4414 2502.9023]
 [1867.4756 2502.9023]]"
euse,"[[4491.6426 2483.5   ]
 [4544.999  2483.5   ]
 [4544.999  2493.2012]
 [4491.6426 2493.2012]]"
conielaien,"[[2818.1904 2493.2012]
 [2944.3057 2493.2012]
 [2944.3057 2512.6035]
 [2818.1904 2512.6035]]"
ttle,"[[4370.378  2517.454 ]
 [4414.033  2517.454 ]
 [4414.033  2536.8564]
 [4370.378  2536.8564]]"
pro,"[[4283.0674 2522.3047]
 [4317.0215 2522.3047]
 [4317.0215 2541.707 ]
 [4283.0674 2541.707 ]]"
jec,"[[4317.0215 2522.3047]
 [4360.677  2522.3047]
 [4360.677  2541.707 ]
 [4317.0215 2541.707 ]]"
vine,"[[4321.872  2561.1094]
 [4418.884  2561.1094]
 [4418.884  2599.914 ]
 [4321.872  2599.914 ]]"
street,"[[4428.585  2556.2588]
 [4583.8037 2556.2588]
 [4583.8037 2599.914 ]
 [4428.585  2599.914 ]]"
vic,"[[4559.551  2599.914 ]
 [4632.3096 2599.914 ]
 [4632.3096 2648.42  ]
 [4559.551  2648.42  ]]"
heidelberg,"[[4278.217  2604.7646]
 [4535.298  2604.7646]
 [4535.298  2648.42  ]
 [4278.217  2648.42  ]]"
8084,"[[4642.0107 2604.7646]
 [4724.4707 2604.7646]
 [4724.4707 2648.42  ]
 [4642.0107 2648.42  ]]"
peree,"[[1877.1768 2755.1328]
 [1959.6367 2755.1328]
 [1959.6367 2779.3857]
 [1877.1768 2779.3857]]"
to,"[[1969.3379 2755.1328]
 [2003.292  2755.1328]
 [2003.292  2779.3857]
 [1969.3379 2779.3857]]"
ltvil,"[[2017.8438 2755.1328]
 [2076.0508 2755.1328]
 [2076.0508 2779.3857]
 [2017.8438 2779.3857]]"
drawinls,"[[2090.6025 2755.1328]
 [2226.419  2755.1328]
 [2226.419  2779.3857]
 [2090.6025 2779.3857]]"
fue,"[[2236.12   2755.1328]
 [2284.626  2755.1328]
 [2284.626  2779.3857]
 [2236.12   2779.3857]]"
hy,"[[4283.0674 2769.6846]
 [4355.826  2769.6846]
 [4355.826  2832.7422]
 [4283.0674 2832.7422]]"
dra,"[[4346.125  2769.6846]
 [4452.838  2769.6846]
 [4452.838  2827.8916]
 [4346.125  2827.8916]]"
ulic,"[[4447.9873 2769.6846]
 [4564.4014 2769.6846]
 [4564.4014 2832.7422]
 [4447.9873 2832.7422]]"
ser,"[[4574.1025 2769.6846]
 [4671.1143 2769.6846]
 [4671.1143 2827.8916]
 [4574.1025 2827.8916]]"
vices,"[[4666.2637 2769.6846]
 [4802.08   2769.6846]
 [4802.08   2827.8916]
 [4666.2637 2827.8916]]"
drawing,"[[3773.794  2778.7815]
 [3862.2747 2784.3118]
 [3861.0098 2804.545 ]
 [3772.5293 2799.0146]]"
conti,"[[1877.1768 2784.2363]
 [1945.085  2784.2363]
 [1945.085  2813.3398]
 [1877.1768 2813.3398]]"
inua,"[[1945.085  2784.2363]
 [2003.292  2784.2363]
 [2003.292  2813.3398]
 [1945.085  2813.3398]]"
tion,"[[2003.292  2784.2363]
 [2061.499  2784.2363]
 [2061.499  2813.3398]
 [2003.292  2813.3398]]"
of,"[[2071.2002 2784.2363]
 [2105.1543 2784.2363]
 [2105.1543 2813.3398]
 [2071.2002 2813.3398]]"
terrace,"[[2114.8555 2784.2363]
 [2231.2695 2784.2363]
 [2231.2695 2813.3398]
 [2114.8555 2813.3398]]"
and,"[[2240.9707 2784.2363]
 [2294.3271 2784.2363]
 [2294.3271 2813.3398]
 [2240.9707 2813.3398]]"
tie,"[[3885.3193 2784.2363]
 [3914.4229 2784.2363]
 [3914.4229 2798.788 ]
 [3885.3193 2798.788 ]]"
planter,"[[1877.1768 2818.1904]
 [1993.5908 2818.1904]
 [1993.5908 2852.1445]
 [1877.1768 2852.1445]]"
outlets,"[[2003.292  2818.1904]
 [2119.706  2818.1904]
 [2119.706  2852.1445]
 [2003.292  2852.1445]]"
basement,"[[4283.0674 2847.294 ]
 [4496.493  2847.294 ]
 [4496.493  2890.9492]
 [4283.0674 2890.9492]]"
level,"[[4511.045  2847.294 ]
 [4642.0107 2847.294 ]
 [4642.0107 2890.9492]
 [4511.045  2890.9492]]"
lepih,"[[4021.1357 2876.3975]
 [4079.3428 2876.3975]
 [4079.3428 2895.7998]
 [4021.1357 2895.7998]]"
icle,"[[4016.2852 2900.6504]
 [4059.9404 2900.6504]
 [4059.9404 2915.2021]
 [4016.2852 2915.2021]]"
sewer,"[[4278.217  2895.7998]
 [4418.884  2895.7998]
 [4418.884  2939.455 ]
 [4278.217  2939.455 ]]"
c,"[[4438.286  2900.6504]
 [4467.3896 2900.6504]
 [4467.3896 2934.6045]
 [4438.286  2934.6045]]"
stormw,"[[4477.091  2895.7998]
 [4651.712  2895.7998]
 [4651.712  2939.455 ]
 [4477.091  2939.455 ]]"
ater,"[[4651.712  2895.7998]
 [4758.425  2895.7998]
 [4758.425  2939.455 ]
 [4651.712  2939.455 ]]"
lrating,"[[3778.6633 2914.2957]
 [3867.1438 2919.826 ]
 [3865.8792 2940.059 ]
 [3777.3984 2934.5288]]"
mbe,"[[3909.5723 2915.2021]
 [3962.9287 2915.2021]
 [3962.9287 2934.6045]
 [3909.5723 2934.6045]]"
rote,"[[2134.2578 2968.5586]
 [2202.166  2968.5586]
 [2202.166  2997.662 ]
 [2134.2578 2997.662 ]]"
note,"[[1755.9121 2983.1104]
 [1823.8203 2983.1104]
 [1823.8203 3007.3633]
 [1755.9121 3007.3633]]"
gngwng,"[[4283.0674 2983.1104]
 [4365.5273 2983.1104]
 [4365.5273 3002.5127]
 [4283.0674 3002.5127]]"
tole,"[[4380.079  2983.1104]
 [4423.7344 2983.1104]
 [4423.7344 3002.5127]
 [4380.079  3002.5127]]"
fle,"[[2134.2578 3007.3633]
 [2173.0625 3007.3633]
 [2173.0625 3031.6162]
 [2134.2578 3031.6162]]"
sle,"[[2177.913  3007.3633]
 [2216.7178 3007.3633]
 [2216.7178 3031.6162]
 [2177.913  3031.6162]]"
suil,"[[2221.5684 3007.3633]
 [2260.373  3007.3633]
 [2260.373  3026.7656]
 [2221.5684 3026.7656]]"
aange,"[[2274.9248 3007.3633]
 [2362.2354 3007.3633]
 [2362.2354 3026.7656]
 [2274.9248 3026.7656]]"
stoemw,"[[2415.5918 3007.3633]
 [2507.753  3007.3633]
 [2507.753  3026.7656]
 [2415.5918 3026.7656]]"
er,"[[2517.454  3007.3633]
 [2546.5576 3007.3633]
 [2546.5576 3031.6162]
 [2517.454  3031.6162]]"
necten,"[[2585.3623 3007.3633]
 [2662.9717 3007.3633]
 [2662.9717 3026.7656]
 [2585.3623 3026.7656]]"
all,"[[1755.9121 3012.2139]
 [1789.8662 3012.2139]
 [1789.8662 3031.6162]
 [1755.9121 3031.6162]]"
tet,"[[1799.5674 3012.2139]
 [1867.4756 3012.2139]
 [1867.4756 3036.4668]
 [1799.5674 3036.4668]]"
els,"[[1877.1768 3007.3633]
 [1945.085  3007.3633]
 [1945.085  3055.8691]
 [1877.1768 3055.8691]]"
at,"[[1954.7861 3012.2139]
 [1983.8896 3012.2139]
 [1983.8896 3031.6162]
 [1954.7861 3031.6162]]"
ggolc,"[[4283.0674 3021.915 ]
 [4336.424  3021.915 ]
 [4336.424  3041.3174]
 [4283.0674 3041.3174]]"
afpedamale,"[[1755.9121 3031.6162]
 [1882.0273 3031.6162]
 [1882.0273 3051.0186]
 [1755.9121 3051.0186]]"
muet,"[[1940.2344 3031.6162]
 [1983.8896 3031.6162]
 [1983.8896 3055.8691]
 [1940.2344 3055.8691]]"
colnil,"[[2163.3613 3031.6162]
 [2236.12   3031.6162]
 [2236.12   3051.0186]
 [2163.3613 3051.0186]]"
leoal,"[[2245.8213 3031.6162]
 [2304.0283 3031.6162]
 [2304.0283 3051.0186]
 [2245.8213 3051.0186]]"
point,"[[2313.7295 3031.6162]
 [2367.086  3031.6162]
 [2367.086  3051.0186]
 [2313.7295 3051.0186]]"
discherge,"[[2405.8906 3031.6162]
 [2507.753  3031.6162]
 [2507.753  3051.0186]
 [2405.8906 3051.0186]]"
refee,"[[2522.3047 3031.6162]
 [2580.5117 3031.6162]
 [2580.5117 3051.0186]
 [2522.3047 3051.0186]]"
the,"[[2619.3164 3031.6162]
 [2653.2705 3031.6162]
 [2653.2705 3051.0186]
 [2619.3164 3051.0186]]"
aopon,"[[4278.217  3046.168 ]
 [4350.9756 3046.168 ]
 [4350.9756 3065.5703]
 [4278.217  3065.5703]]"
erfuned,"[[1789.8662 3055.8691]
 [1862.625  3055.8691]
 [1862.625  3070.421 ]
 [1789.8662 3070.421 ]]"
oia,"[[1872.3262 3055.8691]
 [1901.4297 3055.8691]
 [1901.4297 3070.421 ]
 [1872.3262 3070.421 ]]"
ete,"[[1901.4297 3055.8691]
 [1949.9355 3055.8691]
 [1949.9355 3075.2715]
 [1901.4297 3075.2715]]"
livil,"[[2129.4072 3055.8691]
 [2177.913  3055.8691]
 [2177.913  3075.2715]
 [2129.4072 3075.2715]]"
ehillneeee,"[[2182.7637 3055.8691]
 [2284.626  3055.8691]
 [2284.626  3075.2715]
 [2182.7637 3075.2715]]"
deelrentes,"[[2294.3271 3055.8691]
 [2401.04   3055.8691]
 [2401.04   3075.2715]
 [2294.3271 3075.2715]]"
lee,"[[4515.8955 3089.8232]
 [4554.7    3089.8232]
 [4554.7    3104.375 ]
 [4515.8955 3104.375 ]]"
oal,"[[4283.0674 3114.0762]
 [4331.573  3114.0762]
 [4331.573  3133.4785]
 [4283.0674 3133.4785]]"
so,"[[4501.3438 3114.0762]
 [4535.298  3114.0762]
 [4535.298  3138.329 ]
 [4501.3438 3138.329 ]]"
fidfect,"[[3768.9905 3142.067 ]
 [3847.6272 3148.1157]
 [3845.9438 3170.0002]
 [3767.3071 3163.9512]]"
bumte,"[[3851.3652 3143.1797]
 [3928.9746 3143.1797]
 [3928.9746 3162.582 ]
 [3851.3652 3162.582 ]]"
rorr,"[[4292.7686 3152.8809]
 [4346.125  3152.8809]
 [4346.125  3167.4326]
 [4292.7686 3167.4326]]"
pr,"[[4283.0674 3177.1338]
 [4317.0215 3177.1338]
 [4317.0215 3196.5361]
 [4283.0674 3196.5361]]"
lolf,"[[4554.7    3177.1338]
 [4608.0566 3177.1338]
 [4608.0566 3201.3867]
 [4554.7    3201.3867]]"
et,"[[4438.286  3230.4902]
 [4491.6426 3230.4902]
 [4491.6426 3254.7432]
 [4438.286  3254.7432]]"
fenision,"[[3793.1582 3235.3408]
 [3890.17   3235.3408]
 [3890.17   3254.7432]
 [3793.1582 3254.7432]]"
rlitbe,"[[4700.218  3240.1914]
 [4777.827  3240.1914]
 [4777.827  3259.5938]
 [4700.218  3259.5938]]"
h2,"[[4705.0684 3308.0996]
 [4802.08   3308.0996]
 [4802.08   3380.8584]
 [4705.0684 3380.8584]]"
dromarig,"[[4283.289  3343.802 ]
 [4366.709  3349.7603]
 [4365.453  3367.3408]
 [4282.033  3361.3823]]"
